<?xml version="1.0" encoding="UTF-8"?>
<addon id="skin.aeon.nox.silvo" version="9.0.9" name="Aeon Nox: SiLVO" provider-name="SiLVO">
	<requires>
		<import addon="xbmc.gui" version="5.14.0"/>
		<import addon="script.grab.fanart" version="0.12.8"/>
		<import addon="script.skinshortcuts" version="1.0.10"/>
		<import addon="plugin.program.Diablo" version="1.0"/>
		<import addon="service.library.data.provider" version="0.0.7"/>
		<import addon="resource.images.studios.white" version="0.0.1"/>
		<import addon="resource.images.recordlabels.white" version="0.0.1"/>
		<import addon="plugin.program.autocompletion" version="1.0.1"/>
	</requires>
	<extension point="xbmc.gui.skin" debugging="false" effectslowdown="0.75">
		<res width="1920" height="1080" aspect="16:9" default="true" folder="16x9" />
	</extension>
	<extension point="xbmc.addon.metadata">
		<summary lang="de_DE">Erstellt von BigNoid, modifiziert von SiLVO, Widgets von Mr. V</summary>
		<summary lang="el_GR">Created by BigNoid, Modded by SiLVO, and Widgets by Mr. V</summary>
		<summary lang="en_AU">Created by BigNoid, Modded by SiLVO, and Widgets by Mr. V</summary>
		<summary lang="en_GB">Created by BigNoid, Modded by SiLVO, and Widgets by Mr. V</summary>
		<summary lang="en_NZ">Created by BigNoid, Modded by SiLVO, and Widgets by Mr. V</summary>
		<summary lang="en_US">Created by BigNoid, Modded by SiLVO, and Widgets by Mr. V</summary>
		<summary lang="es_ES">Creada por BigNoid, Modificada por SiLVO, y Widgets por Mr. V</summary>
		<summary lang="fi_FI">BigNoidin tekemä ja SILVOn muokkaama. Widgetit Mr. V:ltä</summary>
		<summary lang="fr_CA">Créé par BigNoid, modifié by SiLVO, et widgets par Mr. V</summary>
		<summary lang="fr_FR">Créé par BigNoid, Moddé par SiLVO, avec les widgets de Mr V</summary>
		<summary lang="gl_ES">Created by BigNoid, Modded by SiLVO, and Widgets by Mr. V</summary>
		<summary lang="he_IL">Created by BigNoid, Modded by SiLVO, and Widgets by Mr. V</summary>
		<summary lang="hu_HU">Created by BigNoid, Modded by SiLVO, and Widgets by Mr. V</summary>
		<summary lang="is_IS">Created by BigNoid, Modded by SiLVO, and Widgets by Mr. V</summary>
		<summary lang="it_IT">Created by BigNoid, Modded by SiLVO, and Widgets by Mr. V</summary>
		<summary lang="ko_KR">Created by BigNoid, Modded by SiLVO, and Widgets by Mr. V</summary>
		<summary lang="lt_LT">Sukūrė BigNoid, modifikavo SiLVO bei valdiklius pridėjo Mr. V</summary>
		<summary lang="ms_MY">Created by BigNoid, Modded by SiLVO, and Widgets by Mr. V</summary>
		<summary lang="nb_NO">Skapt av BigNoid, modifisert av SiLVO, og Widgets av Mr. V.</summary>
		<summary lang="nl_NL">Ontwikkeld door BigNoid, aangepast door SiLVO, en Widgets door Mr. V</summary>
		<summary lang="pl_PL">Stworzona przez BigNoid, zmodyfikowana przez SiLVO, a gadżety autorstwa Mr. V</summary>
		<summary lang="pt_BR">Created by BigNoid, Modded by SiLVO, and Widgets by Mr. V</summary>
		<summary lang="pt_PT">Criado por BigNoid, Modded por SiLVO, e Widgets por Mr. V</summary>
		<summary lang="ro_RO">Created by BigNoid, Modded by SiLVO, and Widgets by Mr. V</summary>
		<summary lang="ru_RU">Created by BigNoid, Modded by SiLVO, and Widgets by Mr. V</summary>
		<summary lang="sk_SK">Created by BigNoid, Modded by SiLVO, and Widgets by Mr. V</summary>
		<summary lang="sv_SE">Created by BigNoid, Modded by SiLVO, and Widgets by Mr. V</summary>
		<summary lang="th_TH">Created by BigNoid, Modded by SiLVO, and Widgets by Mr. V</summary>
		<summary lang="tr_TR">BigNoid tarafından oluşturuldu; Modlar SILVO'dan, Widget'lar Mr. V'den.</summary>
		<summary lang="vi_VN">Created by BigNoid, Modded by SiLVO, and Widgets by Mr. V - Sự trở về</summary>
		<summary lang="zh_CN">Created by BigNoid, Modded by SiLVO, and Widgets by Mr. V</summary>
		<summary lang="zh_TW">由BigNoid原創，SiLVO進行改造，以及由Mr. V製作的小工具</summary>
		<description lang="de_DE">Komplett neu designed für ein modernes Aussehen und das klassische Aeon-Feeling beizubehalten.</description>
		<description lang="el_GR">Πλήρως επανασχεδιασμένο για να προσφέρει μια μοντέρνα αισθητική, διατηρώντας ταυτόχρονα την κλασική ομορφιά του Aeon.</description>
		<description lang="en_AU">Completely redesigned to create a modern look, while retaining the classic Aeon feel.</description>
		<description lang="en_GB">Completely redesigned to create a modern look, while retaining the classic Aeon feel.</description>
		<description lang="en_NZ">Completely redesigned to create a modern look, while retaining the classic Aeon feel.</description>
		<description lang="en_US">Completely redesigned to create a modern look, while retaining the classic Aeon feel.</description>
		<description lang="es_ES">Completamente rediseñado para crear un aspecto moderno, pero conservando el toque clásico Aeon.</description>
		<description lang="fi_FI">Täysin uudelleensuunniteltu moderni ulkoasu, kuitenkin tuntuen klassiselta Aeonilta.</description>
		<description lang="fr_CA">Complètement remanié pour créer une apparence moderne, tout en conservant l'esprit classique d'Aeon.</description>
		<description lang="fr_FR">Totalement revu pour créer un look moderne, en gardant l'expérience Aeon.</description>
		<description lang="gl_ES">Redeseñado completamente para crear unha aparencia moderna ao tempo que mantén a sensación do clásico Aeon.</description>
		<description lang="he_IL">עיצוב חדש היוצר מראה מודרני אך משמר את ההרגשה של Aeon הקלאסי.</description>
		<description lang="hr_HR">Potpuno preoblikovan moderan izgled, uz zadržani klasični Aeon osjećaj.</description>
		<description lang="hu_HU">Teljesen áttervezett modern kinézet, de megtartva a klasszikus Aeon érzetet.</description>
		<description lang="is_IS">Endurhannað nútímalegt útlit í anda Aeon.</description>
		<description lang="it_IT">Completamente ridisegnato per creare un look moderno, mantenendo la consueta qualità Aeon.</description>
		<description lang="ko_KR">고전적인 Aeon 느낌을 유지하면서 현대적인 모습으로 완전히 다시 디자인하여 만들었습니다.</description>
		<description lang="lt_LT">Pilnai atnaujinta, kad sukurtų modernią išvaizdą, išlaikant klasikinio Aeon pojūtį.</description>
		<description lang="ms_MY">Direka semula sepenuhnya untuk hasilkan penampilan modern, tetapi masih mengekalkan penampilan Aeon klasik.</description>
		<description lang="nb_NO">Helt redesignet for å gi deg en moderne utforming, samtidig som man beholder den klassiske Aeon følelsen.</description>
		<description lang="nl_NL">Volledig opnieuw ontworpen om een ​​moderne look te creëren, met behoud van het klassieke Aeon gevoel.</description>
		<description lang="pl_PL">Całkowicie przeprojektowana skóra Aeon, o nowoczesnym wyglądzie, zachowując klasyczny układ skóry Aeon.</description>
		<description lang="pt_BR">Design completamente novo para criar um look moderno, mantendo o feeling do Aeon Clássico.</description>
		<description lang="pt_PT">Completamente redesenhado para criar um visual moderno enquanto retém o toque clássico Aeon.</description>
		<description lang="ro_RO">Complet reproiectat pentru a crea o înfățișare modernă, dar totuși păstrând atmosfera clasică Aeon.</description>
		<description lang="ru_RU">полностью переделенная, модернизированная классическая обложка Aeon.</description>
		<description lang="sk_SK">Kompletne prepracovaný dizajn s moderným vzhľadom pri zachovaní klasického štýlu Aeon.</description>
		<description lang="sv_SE">Totalt omarbetad för att skapa ett modernt utseende, samtidigt som man behåller den klassiska Aeon-känslan.</description>
		<description lang="th_TH">การออกแบบใหม่หมดจด เพื่อสร้างรูปลักษณ์ทันสมัย, ​​ขณะที่ยังคงความรู้สึกคลาสสิคของ Aeon.</description>
		<description lang="tr_TR">Modern görünüme kavuşturmak için baştan tasarlandı, klasik Aeon hissi korundu</description>
		<description lang="vi_VN">Thiết kế lại hoàn toàn để tạo nên một phong cách hiện đại, trong khi đó vẫn duy trì một cảm giác Aeon cổ điển.</description>
		<description lang="zh_TW">完全的翻新設計以創造現代化的視覺感受，同時仍維持Aeon的經典外觀。</description>
		<platform>all</platform>
		<license>CC BY-NC-SA 4.0</license>
		<forum>http://forum.kodi.tv/showthread.php?tid=210069</forum>
		<website>https://github.com/mikesilvo164/Aeon-Nox-SiLVO</website>
		<source>https://github.com/mikesilvo164/Aeon-Nox-SiLVO</source>
		<assets>
			<icon>resources/icon.png</icon>
			<fanart>resources/fanart.jpg</fanart>
			<screenshot>resources/screenshots/screenshot-01.jpg</screenshot>
			<screenshot>resources/screenshots/screenshot-02.jpg</screenshot>
			<screenshot>resources/screenshots/screenshot-03.jpg</screenshot>
			<screenshot>resources/screenshots/screenshot-04.jpg</screenshot>
			<screenshot>resources/screenshots/screenshot-05.jpg</screenshot>
			<screenshot>resources/screenshots/screenshot-06.jpg</screenshot>
			<screenshot>resources/screenshots/screenshot-07.jpg</screenshot>
			<screenshot>resources/screenshots/screenshot-08.jpg</screenshot>
			<screenshot>resources/screenshots/screenshot-09.jpg</screenshot>
			<screenshot>resources/screenshots/screenshot-10.jpg</screenshot>
			<screenshot>resources/screenshots/screenshot-11.jpg</screenshot>
			<screenshot>resources/screenshots/screenshot-12.jpg</screenshot>
		</assets>
		<news>[B]Based on [I]v6.0.1[/I]  of Aeon Nox 5[/B][CR][I]All Versions[/I][CR]- Misc fixes, changes, and improvements[CR][I]v6.0.9[/I][CR]- Rework Widget template file - noticeable performance increase ;) [CR]- Skin Shortcuts Management dialog fixes[CR]- Hide player artwork when dialogs active[CR][I]v6.0.8[/I][CR]- Fix navigation issue for centered menu[CR]- Update language files from Transifex[CR]- Fix InfoWall overlap issue[CR][I]v6.0.7[/I][CR]- Fix focus issue for Player Controls[CR]- Misc fixes for music videos[CR]- Hide Video OSD when dialogs are visible[CR][I]v6.0.6[/I][CR]- Re-design Main Menu Customizer[CR]- Re-design Fullscreen Info[CR]- Fix aspect ratio for PVR Widgets[CR]- Update language files from Transifex[CR]- Fix Home background not showing when Widget fanart is missing[CR]- Fix mouse issues in Menu customizer for Android devices[CR]- Remove skin versions of Extended Info xmls and drop support for replacing DialogVideoInfo (Can be re-added by uncommenting out onloads and visibles)[CR]- Fix some non-default font issues[CR]- DialogSelect fixes[CR]- Ask for default background when entering home[CR]- Drop script.colorbox support[CR][I]v6.0.5[/I][CR]- Fix color customization not opening[CR]- Small redesign of DialogVideoInfo[CR]- Add and fix some Widget plugin paths[CR]- Revert PNG changes that altered panel colors[CR]- Add support for animated weather icons[CR]- Add background selection to Music Viz[CR]- Add LibreELEC to settings[CR][I]v6.0.4[/I][CR]- Compatibility updates for new Skin Helper version[CR]- Add manfeeds Video Lyrics mod v2 (thanks manfeed)[CR]- Add option to hide player control buttons on Music OSD[CR]- Redesigned System Settings screen[CR]- New logo (thanks GTunney!)[CR][CR]For a full list of changes visit https://github.com/mikesilvo164/Aeon-Nox-SiLVO/commits/master</news>
	</extension>
</addon>
